precision,accuracy,recall,duration
0.5652875677382356,0.552022881777483,0.7559164394680992,1228.7795844078064
